G01,106,362,0,0,1624104000,1624104000,1624097706,2.65609653077392E+07,1.26009411178529E-03,9.60143172057043E-01,-1.69715466020668E+00,-2.92246042679012E+00,3.26742630119202E-01,4.47554356721114E-09,-8.04854954010877E-09,-1.33934150323532E-10,2.07625000000000E+02,-4.52500000000000E+01,-2.32085585594177E-06,8.93697142601013E-06,1.67638063430786E-08,5.02914190292358E-08,5.61600000000000E+05,4.00000000000000E+00,-2.00305599719286E-04,-1.13686837721616E-12,0.00000000000000E+00,-4.19095158576965E-09,1,0
G02,44,44,0,0,1624096800,1624096800,1624097616,2.65605003917082E+07,9.45383147336542E-03,9.75576444309065E-01,1.41038045442992E+00,6.34283222819328E-01,-1.77248002976495E-01,4.27553523606133E-09,-8.21355641330736E-09,-4.35018120250831E-10,2.50625000000000E+02,-3.55000000000000E+01,-1.89803540706635E-06,6.95884227752686E-06,-5.58793544769287E-09,1.22934579849243E-07,5.54400000000000E+05,4.00000000000000E+00,-1.49603467434645E-04,-6.13908923696726E-12,0.00000000000000E+00,1.86264514923096E-09,1,0
G03,19,19,0,0,1624104000,1624104000,1624097346,2.65593327524354E+07,3.61818377859890E-03,9.69855314023882E-01,-2.77776927945734E+00,8.60936153469368E-01,-2.33885150566172E+00,4.40589780904290E-09,-8.07355058150249E-09,2.01436962086592E-10,2.79000000000000E+02,-1.24375000000000E+01,-5.56930899620056E-07,5.48735260963440E-06,-3.72529029846191E-09,-2.79396772384644E-08,5.61600000000000E+05,4.00000000000000E+00,-1.96338165551424E-04,-1.08002495835535E-11,0.00000000000000E+00,1.86264514923096E-09,1,0
G04,106,362,0,0,1624104000,1624104000,1624097346,2.65609653077392E+07,1.26009411178529E-03,9.60143172057043E-01,-1.69715466020668E+00,-2.92246042679012E+00,3.26742630119202E-01,4.47554356721114E-09,-8.04854954010877E-09,-1.33934150323532E-10,2.07625000000000E+02,-4.52500000000000E+01,-2.32085585594177E-06,8.93697142601013E-06,1.67638063430786E-08,5.02914190292358E-08,5.61600000000000E+05,4.00000000000000E+00,-2.00305599719286E-04,-1.13686837721616E-12,0.00000000000000E+00,-4.19095158576965E-09,1,0
G05,29,29,0,0,1624096800,1624096800,1624097256,2.65612722001600E+07,1.86534202657640E-03,9.53031289441442E-01,-1.74813365993807E+00,1.82562259463466E+00,3.08676450573165E-01,4.76591280511255E-09,-8.20748473182602E-09,-1.64292557730199E-10,2.01000000000000E+02,-4.46250000000000E+01,-2.51270830631256E-06,8.87177884578705E-06,7.45058059692383E-09,4.65661287307739E-08,5.54400000000000E+05,4.00000000000000E+00,-3.51833645254374E-04,-1.81898940354586E-12,0.00000000000000E+00,1.39698386192322E-09,1,0
G06,19,19,0,0,1624104000,1624104000,1624097226,2.65593327524354E+07,3.61818377859890E-03,9.69855314023882E-01,-2.77776927945734E+00,8.60936153469368E-01,-2.33885150566172E+00,4.40589780904290E-09,-8.07355058150249E-09,2.01436962086592E-10,2.79000000000000E+02,-1.24375000000000E+01,-5.56930899620056E-07,5.48735260963440E-06,-3.72529029846191E-09,-2.79396772384644E-08,5.61600000000000E+05,4.00000000000000E+00,-1.96338165551424E-04,-1.08002495835535E-11,0.00000000000000E+00,1.86264514923096E-09,1,0
G07,75,75,0,0,1624096800,1624096800,1624097346,2.65612445581435E+07,1.50708134751767E-02,9.51579252546849E-01,-6.75427319813259E-01,-2.32488018888887E+00,-2.93895458967821E+00,4.64733643735945E-09,-7.87211361941590E-09,2.33224000430043E-10,1.65562500000000E+02,6.95625000000000E+01,3.30805778503418E-06,1.08927488327026E-05,5.02914190292358E-08,-2.12341547012329E-07,5.54400000000000E+05,4.00000000000000E+00,1.82047020643950E-04,9.54969436861574E-12,0.00000000000000E+00,-1.11758708953857E-08,1,0
G08,31,31,0,0,1624096800,1624096800,1624097346,2.65597499250036E+07,6.35080947540700E-03,9.66990712690310E-01,1.39293303949220E+00,6.09833581216474E-02,-8.65828313910344E-02,4.41446959466361E-09,-8.20819904729442E-09,-4.45018536808321E-10,2.47781250000000E+02,-3.97812500000000E+01,-2.26125121116638E-06,6.99236989021301E-06,6.89178705215454E-08,5.77419996261597E-08,5.54400000000000E+05,4.00000000000000E+00,-2.56667844951153E-05,-1.47792889038101E-12,0.00000000000000E+00,5.12227416038513E-09,1,0
G09,29,29,0,0,1624096800,1624096800,1624097346,2.65612722001600E+07,1.86534202657640E-03,9.53031289441442E-01,-1.74813365993807E+00,1.82562259463466E+00,3.08676450573165E-01,4.76591280511255E-09,-8.20748473182602E-09,-1.64292557730199E-10,2.01000000000000E+02,-4.46250000000000E+01,-2.51270830631256E-06,8.87177884578705E-06,7.45058059692383E-09,4.65661287307739E-08,5.54400000000000E+05,4.00000000000000E+00,-3.51833645254374E-04,-1.81898940354586E-12,0.00000000000000E+00,1.39698386192322E-09,1,0
G10,75,75,0,0,1624096800,1624096800,1624097676,2.65612445581435E+07,1.50708134751767E-02,9.51579252546849E-01,-6.75427319813259E-01,-2.32488018888887E+00,-2.93895458967821E+00,4.64733643735945E-09,-7.87211361941590E-09,2.33224000430043E-10,1.65562500000000E+02,6.95625000000000E+01,3.30805778503418E-06,1.08927488327026E-05,5.02914190292358E-08,-2.12341547012329E-07,5.54400000000000E+05,4.00000000000000E+00,1.82047020643950E-04,9.54969436861574E-12,0.00000000000000E+00,-1.11758708953857E-08,1,0
G11,31,31,0,0,1624096800,1624096800,1624097616,2.65597499250036E+07,6.35080947540700E-03,9.66990712690310E-01,1.39293303949220E+00,6.09833581216474E-02,-8.65828313910344E-02,4.41446959466361E-09,-8.20819904729442E-09,-4.45018536808321E-10,2.47781250000000E+02,-3.97812500000000E+01,-2.26125121116638E-06,6.99236989021301E-06,6.89178705215454E-08,5.77419996261597E-08,5.54400000000000E+05,4.00000000000000E+00,-2.56667844951153E-05,-1.47792889038101E-12,0.00000000000000E+00,5.12227416038513E-09,1,0
G12,106,362,0,0,1624104000,1624104000,1624097346,2.65609653077392E+07,1.26009411178529E-03,9.60143172057043E-01,-1.69715466020668E+00,-2.92246042679012E+00,3.26742630119202E-01,4.47554356721114E-09,-8.04854954010877E-09,-1.33934150323532E-10,2.07625000000000E+02,-4.52500000000000E+01,-2.32085585594177E-06,8.93697142601013E-06,1.67638063430786E-08,5.02914190292358E-08,5.61600000000000E+05,4.00000000000000E+00,-2.00305599719286E-04,-1.13686837721616E-12,0.00000000000000E+00,-4.19095158576965E-09,1,0
G13,31,31,0,0,1624096800,1624096800,1624097196,2.65597499250036E+07,6.35080947540700E-03,9.66990712690310E-01,1.39293303949220E+00,6.09833581216474E-02,-8.65828313910344E-02,4.41446959466361E-09,-8.20819904729442E-09,-4.45018536808321E-10,2.47781250000000E+02,-3.97812500000000E+01,-2.26125121116638E-06,6.99236989021301E-06,6.89178705215454E-08,5.77419996261597E-08,5.54400000000000E+05,4.00000000000000E+00,-2.56667844951153E-05,-1.47792889038101E-12,0.00000000000000E+00,5.12227416038513E-09,1,0
G14,134,902,0,0,1624096800,1624096800,1624097346,2.65611524116390E+07,8.05343734100461E-04,9.57075652282531E-01,4.07442242827707E-01,2.84671543966166E+00,2.78792213573599E+00,5.06556814410307E-09,-8.49713965425905E-09,-8.92894335490212E-12,2.94312500000000E+02,3.76875000000000E+01,2.03400850296021E-06,4.36417758464813E-06,-7.45058059692383E-08,4.28408384323120E-08,5.54400000000000E+05,4.00000000000000E+00,6.60605728626251E-05,-7.73070496506989E-12,0.00000000000000E+00,-7.91624188423157E-09,1,0
G15,29,29,0,0,1624096800,1624096800,1624097976,2.65612722001600E+07,1.86534202657640E-03,9.53031289441442E-01,-1.74813365993807E+00,1.82562259463466E+00,3.08676450573165E-01,4.76591280511255E-09,-8.20748473182602E-09,-1.64292557730199E-10,2.01000000000000E+02,-4.46250000000000E+01,-2.51270830631256E-06,8.87177884578705E-06,7.45058059692383E-09,4.65661287307739E-08,5.54400000000000E+05,4.00000000000000E+00,-3.51833645254374E-04,-1.81898940354586E-12,0.00000000000000E+00,1.39698386192322E-09,1,0
G16,102,102,1,0,1624096800,1624096800,1624097346,2.65607418337653E+07,1.21801113709807E-02,9.73651993130806E-01,4.53659542226596E-01,6.79444431416367E-01,7.73561561555472E-01,4.68412368398165E-09,-8.46499545818140E-09,-1.98222542478827E-10,2.94906250000000E+02,3.43750000000000E+01,2.06567347049713E-06,4.67337667942047E-06,1.30385160446167E-08,1.09896063804626E-07,5.54400000000000E+05,4.00000000000000E+00,-3.43696214258671E-04,-6.02540239924565E-12,0.00000000000000E+00,-1.02445483207703E-08,1,0
G17,31,31,0,0,1624096800,1624096800,1624097526,2.65597499250036E+07,6.35080947540700E-03,9.66990712690310E-01,1.39293303949220E+00,6.09833581216474E-02,-8.65828313910344E-02,4.41446959466361E-09,-8.20819904729442E-09,-4.45018536808321E-10,2.47781250000000E+02,-3.97812500000000E+01,-2.26125121116638E-06,6.99236989021301E-06,6.89178705215454E-08,5.77419996261597E-08,5.54400000000000E+05,4.00000000000000E+00,-2.56667844951153E-05,-1.47792889038101E-12,0.00000000000000E+00,5.12227416038513E-09,1,0
G18,12,12,0,0,1624104000,1624104000,1624097226,2.65605431123831E+07,5.29617967549711E-03,9.36799465800835E-01,-6.58664786066445E-01,-2.75883963884754E+00,-2.04523734155610E+00,5.04092426044354E-09,-8.22355682986485E-09,2.62510934634122E-10,1.74531250000000E+02,6.18125000000000E+01,2.84798443317413E-06,1.00638717412949E-05,1.11758708953857E-08,-3.72529029846191E-08,5.61600000000000E+05,4.00000000000000E+00,-4.40855044871569E-04,-4.66116034658626E-12,0.00000000000000E+00,3.72529029846191E-09,1,0
G19,19,19,0,0,1624104000,1624104000,1624097286,2.65593327524354E+07,3.61818377859890E-03,9.69855314023882E-01,-2.77776927945734E+00,8.60936153469368E-01,-2.33885150566172E+00,4.40589780904290E-09,-8.07355058150249E-09,2.01436962086592E-10,2.79000000000000E+02,-1.24375000000000E+01,-5.56930899620056E-07,5.48735260963440E-06,-3.72529029846191E-09,-2.79396772384644E-08,5.61600000000000E+05,4.00000000000000E+00,-1.96338165551424E-04,-1.08002495835535E-11,0.00000000000000E+00,1.86264514923096E-09,1,0
G20,44,44,0,0,1624096800,1624096800,1624097436,2.65605003917082E+07,9.45383147336542E-03,9.75576444309065E-01,1.41038045442992E+00,6.34283222819328E-01,-1.77248002976495E-01,4.27553523606133E-09,-8.21355641330736E-09,-4.35018120250831E-10,2.50625000000000E+02,-3.55000000000000E+01,-1.89803540706635E-06,6.95884227752686E-06,-5.58793544769287E-09,1.22934579849243E-07,5.54400000000000E+05,4.00000000000000E+00,-1.49603467434645E-04,-6.13908923696726E-12,0.00000000000000E+00,1.86264514923096E-09,1,0
G21,31,31,0,0,1624096800,1624096800,1624097526,2.65597499250036E+07,6.35080947540700E-03,9.66990712690310E-01,1.39293303949220E+00,6.09833581216474E-02,-8.65828313910344E-02,4.41446959466361E-09,-8.20819904729442E-09,-4.45018536808321E-10,2.47781250000000E+02,-3.97812500000000E+01,-2.26125121116638E-06,6.99236989021301E-06,6.89178705215454E-08,5.77419996261597E-08,5.54400000000000E+05,4.00000000000000E+00,-2.56667844951153E-05,-1.47792889038101E-12,0.00000000000000E+00,5.12227416038513E-09,1,0
G22,102,102,1,0,1624096800,1624096800,1624097736,2.65607418337653E+07,1.21801113709807E-02,9.73651993130806E-01,4.53659542226596E-01,6.79444431416367E-01,7.73561561555472E-01,4.68412368398165E-09,-8.46499545818140E-09,-1.98222542478827E-10,2.94906250000000E+02,3.43750000000000E+01,2.06567347049713E-06,4.67337667942047E-06,1.30385160446167E-08,1.09896063804626E-07,5.54400000000000E+05,4.00000000000000E+00,-3.43696214258671E-04,-6.02540239924565E-12,0.00000000000000E+00,-1.02445483207703E-08,1,0
G23,134,902,0,0,1624096800,1624096800,1624097196,2.65611524116390E+07,8.05343734100461E-04,9.57075652282531E-01,4.07442242827707E-01,2.84671543966166E+00,2.78792213573599E+00,5.06556814410307E-09,-8.49713965425905E-09,-8.92894335490212E-12,2.94312500000000E+02,3.76875000000000E+01,2.03400850296021E-06,4.36417758464813E-06,-7.45058059692383E-08,4.28408384323120E-08,5.54400000000000E+05,4.00000000000000E+00,6.60605728626251E-05,-7.73070496506989E-12,0.00000000000000E+00,-7.91624188423157E-09,1,0
G24,134,902,0,0,1624096800,1624096800,1624097376,2.65611524116390E+07,8.05343734100461E-04,9.57075652282531E-01,4.07442242827707E-01,2.84671543966166E+00,2.78792213573599E+00,5.06556814410307E-09,-8.49713965425905E-09,-8.92894335490212E-12,2.94312500000000E+02,3.76875000000000E+01,2.03400850296021E-06,4.36417758464813E-06,-7.45058059692383E-08,4.28408384323120E-08,5.54400000000000E+05,4.00000000000000E+00,6.60605728626251E-05,-7.73070496506989E-12,0.00000000000000E+00,-7.91624188423157E-09,1,0
G25,106,362,0,0,1624104000,1624104000,1624097766,2.65609653077392E+07,1.26009411178529E-03,9.60143172057043E-01,-1.69715466020668E+00,-2.92246042679012E+00,3.26742630119202E-01,4.47554356721114E-09,-8.04854954010877E-09,-1.33934150323532E-10,2.07625000000000E+02,-4.52500000000000E+01,-2.32085585594177E-06,8.93697142601013E-06,1.67638063430786E-08,5.02914190292358E-08,5.61600000000000E+05,4.00000000000000E+00,-2.00305599719286E-04,-1.13686837721616E-12,0.00000000000000E+00,-4.19095158576965E-09,1,0
G26,106,362,0,0,1624104000,1624104000,1624097676,2.65609653077392E+07,1.26009411178529E-03,9.60143172057043E-01,-1.69715466020668E+00,-2.92246042679012E+00,3.26742630119202E-01,4.47554356721114E-09,-8.04854954010877E-09,-1.33934150323532E-10,2.07625000000000E+02,-4.52500000000000E+01,-2.32085585594177E-06,8.93697142601013E-06,1.67638063430786E-08,5.02914190292358E-08,5.61600000000000E+05,4.00000000000000E+00,-2.00305599719286E-04,-1.13686837721616E-12,0.00000000000000E+00,-4.19095158576965E-09,1,0
G27,44,44,0,0,1624096800,1624096800,1624097346,2.65605003917082E+07,9.45383147336542E-03,9.75576444309065E-01,1.41038045442992E+00,6.34283222819328E-01,-1.77248002976495E-01,4.27553523606133E-09,-8.21355641330736E-09,-4.35018120250831E-10,2.50625000000000E+02,-3.55000000000000E+01,-1.89803540706635E-06,6.95884227752686E-06,-5.58793544769287E-09,1.22934579849243E-07,5.54400000000000E+05,4.00000000000000E+00,-1.49603467434645E-04,-6.13908923696726E-12,0.00000000000000E+00,1.86264514923096E-09,1,0
G28,12,12,0,0,1624104000,1624104000,1624097496,2.65605431123831E+07,5.29617967549711E-03,9.36799465800835E-01,-6.58664786066445E-01,-2.75883963884754E+00,-2.04523734155610E+00,5.04092426044354E-09,-8.22355682986485E-09,2.62510934634122E-10,1.74531250000000E+02,6.18125000000000E+01,2.84798443317413E-06,1.00638717412949E-05,1.11758708953857E-08,-3.72529029846191E-08,5.61600000000000E+05,4.00000000000000E+00,-4.40855044871569E-04,-4.66116034658626E-12,0.00000000000000E+00,3.72529029846191E-09,1,0
G29,44,44,0,0,1624096800,1624096800,1624097556,2.65605003917082E+07,9.45383147336542E-03,9.75576444309065E-01,1.41038045442992E+00,6.34283222819328E-01,-1.77248002976495E-01,4.27553523606133E-09,-8.21355641330736E-09,-4.35018120250831E-10,2.50625000000000E+02,-3.55000000000000E+01,-1.89803540706635E-06,6.95884227752686E-06,-5.58793544769287E-09,1.22934579849243E-07,5.54400000000000E+05,4.00000000000000E+00,-1.49603467434645E-04,-6.13908923696726E-12,0.00000000000000E+00,1.86264514923096E-09,1,0
G30,12,12,0,0,1624104000,1624104000,1624097346,2.65605431123831E+07,5.29617967549711E-03,9.36799465800835E-01,-6.58664786066445E-01,-2.75883963884754E+00,-2.04523734155610E+00,5.04092426044354E-09,-8.22355682986485E-09,2.62510934634122E-10,1.74531250000000E+02,6.18125000000000E+01,2.84798443317413E-06,1.00638717412949E-05,1.11758708953857E-08,-3.72529029846191E-08,5.61600000000000E+05,4.00000000000000E+00,-4.40855044871569E-04,-4.66116034658626E-12,0.00000000000000E+00,3.72529029846191E-09,1,0
G31,29,29,0,0,1624096800,1624096800,1624097676,2.65612722001600E+07,1.86534202657640E-03,9.53031289441442E-01,-1.74813365993807E+00,1.82562259463466E+00,3.08676450573165E-01,4.76591280511255E-09,-8.20748473182602E-09,-1.64292557730199E-10,2.01000000000000E+02,-4.46250000000000E+01,-2.51270830631256E-06,8.87177884578705E-06,7.45058059692383E-09,4.65661287307739E-08,5.54400000000000E+05,4.00000000000000E+00,-3.51833645254374E-04,-1.81898940354586E-12,0.00000000000000E+00,1.39698386192322E-09,1,0
G32,44,44,0,0,1624096800,1624096800,1624097616,2.65605003917082E+07,9.45383147336542E-03,9.75576444309065E-01,1.41038045442992E+00,6.34283222819328E-01,-1.77248002976495E-01,4.27553523606133E-09,-8.21355641330736E-09,-4.35018120250831E-10,2.50625000000000E+02,-3.55000000000000E+01,-1.89803540706635E-06,6.95884227752686E-06,-5.58793544769287E-09,1.22934579849243E-07,5.54400000000000E+05,4.00000000000000E+00,-1.49603467434645E-04,-6.13908923696726E-12,0.00000000000000E+00,1.86264514923096E-09,1,0
E01,29,29,107,0,1624097400,1624097400,1624097185,2.96001317263381E+07,7.99299450591206E-05,9.78054672885804E-01,1.81799053346011E-01,-1.49275342744631E+00,1.76345319616110E+00,3.28585115460398E-09,-5.80952770443351E-09,9.92898501065115E-11,2.56156250000000E+02,9.11875000000000E+01,4.22634184360504E-06,4.39025461673737E-06,1.49011611938477E-08,-5.77419996261597E-08,5.55000000000000E+05,0.00000000000000E+00,-1.13246333785355E-03,-7.97228949522832E-12,0.00000000000000E+00,4.65661287307739E-10,512,0
C08,1,0,0,0,1624096814,1624096814,1624097954,4.21701877580514E+07,5.19498367793858E-03,1.04382126403116E+00,2.72971338315351E+00,-2.73613729928398E+00,-1.51681140199181E+00,6.30740558590285E-10,-1.89507893764443E-09,7.85032699762994E-10,-3.04781250000000E+02,6.36562500000000E+01,1.94320455193520E-06,1.89407728612423E-05,1.81607902050018E-07,-1.33179128170013E-07,5.54400000000000E+05,0.00000000000000E+00,-8.95558623597026E-04,-2.99582580964852E-12,0.00000000000000E+00,1.13000000000000E-08,0,1
C19,1,1,0,0,1624096814,1624096814,1624097954,2.79060816905705E+07,9.66814579442143E-04,9.66239510108278E-01,-2.40251437672155E+00,-1.06842478852386E+00,-1.58063079797153E+00,3.88194741297724E-09,-6.98207654579926E-09,5.00020827874518E-11,2.54703125000000E+02,-4.81093750000000E+01,-2.33529135584831E-06,5.41796907782555E-06,-1.81607902050018E-08,1.25728547573090E-08,5.54400000000000E+05,0.00000000000000E+00,8.78119491972029E-04,1.41078260185168E-11,0.00000000000000E+00,1.22000000000000E-08,0,1
C21,1,1,0,0,1624096814,1624096814,1624097954,2.79060712721949E+07,8.15178500488400E-04,9.65516824188366E-01,-2.40022392392071E+00,-8.28271764569315E-01,2.89007245479823E+00,4.00623830447748E-09,-7.05315093490428E-09,-1.07147320258825E-11,2.50625000000000E+02,-4.94062500000000E+01,-2.49501317739487E-06,5.41936606168747E-06,-8.84756445884705E-09,3.16649675369263E-08,5.54400000000000E+05,0.00000000000000E+00,-9.35287913307547E-04,6.98108237884298E-13,0.00000000000000E+00,1.41000000000000E-08,0,1
C22,1,1,0,0,1624096814,1624096814,1624097954,2.79060610754887E+07,6.96152215823531E-04,9.65525875262522E-01,-2.40030832844221E+00,-2.50079525844619E-01,3.09292024996025E+00,3.94230707005638E-09,-7.00850621812977E-09,3.57157734196085E-11,2.48656250000000E+02,-5.01250000000000E+01,-2.38930806517601E-06,5.58188185095787E-06,-1.72294676303864E-08,-9.31322574615479E-09,5.54400000000000E+05,0.00000000000000E+00,-9.49617475271225E-04,1.37490019369579E-12,0.00000000000000E+00,1.66000000000000E-08,0,1
C26,1,1,0,0,1624096814,1624096814,1624097954,2.79061309814030E+07,6.54138508252799E-04,9.51009661003932E-01,-3.21209708633671E-01,2.25477382346592E-01,-2.68907337115674E-01,4.24946272146502E-09,-7.06172272052499E-09,3.22156276244868E-10,1.93515625000000E+02,1.05765625000000E+02,5.31179830431938E-06,8.21473076939583E-06,4.88944351673126E-08,0.00000000000000E+00,5.54400000000000E+05,0.00000000000000E+00,8.90563358552754E-04,-5.34949862185385E-12,0.00000000000000E+00,-4.90000000000000E-09,0,1
C30,1,1,0,0,1624096814,1624096814,1624097954,2.79060945271405E+07,5.04033872857690E-04,9.65088666102435E-01,1.76935309210974E+00,6.07915828740100E-01,-3.65485271014276E-01,3.62657963302704E-09,-6.84349934493118E-09,-3.10727228750594E-10,1.90296875000000E+02,-4.42968750000000E+01,-2.29338183999062E-06,8.42101871967316E-06,-1.21071934700012E-08,1.16415321826935E-08,5.54400000000000E+05,0.00000000000000E+00,4.71177627332509E-04,1.34559030584569E-12,0.00000000000000E+00,-9.80000000000000E-09,0,1
C36,1,1,0,0,1624096814,1624096814,1624097954,2.79061044417302E+07,8.42262641526759E-04,9.51102955678601E-01,-2.98773555792134E-01,-1.64006297138868E+00,-3.09189688756167E+00,4.22624746874227E-09,-7.05065083076491E-09,2.29295265353886E-10,1.96562500000000E+02,9.46562500000000E+01,4.69665974378586E-06,7.86175951361656E-06,4.65661287307739E-08,6.00703060626984E-08,5.54400000000000E+05,0.00000000000000E+00,-7.28173647075891E-04,-1.23101528970437E-12,0.00000000000000E+00,-1.86000000000000E-08,0,1
C38,1,1,0,0,1624096814,1624096814,1624097954,4.21584778574985E+07,1.86427135486156E-03,9.78271658746994E-01,2.71244045484386E+00,-3.02186053886091E+00,-1.29160232613554E+00,8.87536969477270E-10,-2.07615790888184E-09,7.76103756408092E-10,-3.16640625000000E+02,9.55625000000000E+01,3.10037285089493E-06,1.86325050890446E-05,1.64378434419632E-07,-1.16880983114243E-07,5.54400000000000E+05,0.00000000000000E+00,1.56267778947949E-04,2.42117437210254E-12,0.00000000000000E+00,5.20000000000000E-09,0,1
C42,1,1,0,0,1624096814,1624096814,1624097954,2.79060325811458E+07,1.41492823604494E-03,9.63821798063724E-01,-2.40328567979799E+00,-1.26942301489535E+00,2.55367297955266E+00,4.04445418203646E-09,-7.04172188741000E-09,-3.21441960776476E-11,2.55062500000000E+02,-4.78125000000000E+01,-2.36835330724716E-06,5.27314841747284E-06,-7.45058059692383E-09,2.18860805034637E-08,5.54400000000000E+05,0.00000000000000E+00,-9.14239673875272E-04,-1.20881082921187E-12,0.00000000000000E+00,-3.25000000000000E-08,0,1
C45,1,1,0,0,1624096814,1624096814,1624097954,2.79061243716732E+07,4.02317382395267E-04,9.55002978244481E-01,-2.98064769056893E-01,-6.81318167613572E-01,1.44255680800706E+00,4.14410118987717E-09,-6.99421990876193E-09,2.41795786050749E-10,1.99046875000000E+02,9.79218750000000E+01,4.78979200124741E-06,8.00099223852158E-06,2.84053385257721E-08,2.84053385257721E-08,5.54400000000000E+05,0.00000000000000E+00,4.71169827505946E-04,1.02602371043758E-11,0.00000000000000E+00,-2.72000000000000E-08,0,1
R01,53,1,0,0,0,1624097718,1624097372,-1.15114936523438E+07,1.01490722656250E+05,2.27695336914062E+07,-9.87306594848633E+02,-2.95442199707031E+03,-4.84470367431641E+02,0.00000000000000E+00,9.31322574615479E-07,-2.79396772384644E-06,-8.10883939266205E-05,0.00000000000000E+00,0.00000000000000E+00
R07,53,5,0,0,0,1624097718,1624097372,-7.68222070312500E+06,-2.42927578125000E+07,6.72823730468750E+05,-1.77950859069824E+02,-3.64933013916016E+01,-3.57176971435547E+03,1.86264514923096E-06,0.00000000000000E+00,0.00000000000000E+00,4.22839075326920E-05,0.00000000000000E+00,0.00000000000000E+00
R08,53,6,0,0,0,1624097718,1624097372,-1.26075512695312E+07,-1.53729980468750E+07,1.60286914062500E+07,-7.45286941528320E+02,-2.05558586120605E+03,-2.56863212585449E+03,9.31322574615479E-07,0.00000000000000E+00,-1.86264514923096E-06,5.95655292272568E-05,0.00000000000000E+00,0.00000000000000E+00
R09,53,-2,0,0,0,1624097718,1624097372,8.84900537109375E+06,-9.20274755859375E+06,2.20895302734375E+07,2.95572948455811E+03,6.15742683410645E+02,-9.35153961181641E+02,1.86264514923096E-06,-9.31322574615479E-07,-1.86264514923096E-06,1.30198895931244E-06,1.81898940354586E-12,0.00000000000000E+00
R10,53,-7,0,0,0,1624097718,1624097372,-9.04337939453125E+06,-1.20186542968750E+07,2.05769467773438E+07,2.74182033538818E+03,6.65680885314941E+02,1.59943008422852E+03,9.31322574615479E-07,0.00000000000000E+00,-2.79396772384644E-06,7.20228999853134E-05,0.00000000000000E+00,0.00000000000000E+00
R11,53,0,0,0,0,1624097718,1624097372,-2.31239653320312E+07,-8.30065673828125E+06,6.90010839843750E+06,8.86489868164062E+02,3.61929893493652E+02,3.41092109680176E+03,0.00000000000000E+00,1.86264514923096E-06,-1.86264514923096E-06,1.34184956550598E-05,-2.72848410531878E-12,0.00000000000000E+00
IONUTC,4.65661287307739E-09,1.49011611938477E-08,-5.96046447753906E-08,-1.19209289550781E-07,8.19200000000000E+04,9.83040000000000E+04,-6.55360000000000E+04,-5.24288000000000E+05,0.00000000000000E+00,0.00000000000000E+00,0.00000000000000E+00,0.00000000000000E+00,0
ALM,G01,85,2436,7.45653955555558E+06,1.04165077209473E-02,1.07337549260570E+00,2.09439497755752E+00,2.09439497755752E+00,2.09439497755752E+00,2.49667542512431E-07,3.48160000000000E+05,1.19209289550781E-04,2.48110154643655E-09
ALM,G02,85,2436,7.45653955555558E+06,1.04165077209473E-02,1.07337549260570E+00,2.09439497755752E+00,2.09439497755752E+00,2.09439497755752E+00,2.49667542512431E-07,3.48160000000000E+05,1.19209289550781E-04,2.48110154643655E-09
ALM,G03,85,2436,7.45653955555558E+06,1.04165077209473E-02,1.07337549260570E+00,2.09439497755752E+00,2.09439497755752E+00,2.09439497755752E+00,2.49667542512431E-07,3.48160000000000E+05,1.19209289550781E-04,2.48110154643655E-09
ALM,G04,85,2436,7.45653955555558E+06,1.04165077209473E-02,1.07337549260570E+00,2.09439497755752E+00,2.09439497755752E+00,2.09439497755752E+00,2.49667542512431E-07,3.48160000000000E+05,1.19209289550781E-04,2.48110154643655E-09
ALM,G05,85,2436,7.45653955555558E+06,1.04165077209473E-02,1.07337549260570E+00,2.09439497755752E+00,2.09439497755752E+00,2.09439497755752E+00,2.49667542512431E-07,3.48160000000000E+05,1.19209289550781E-04,2.48110154643655E-09
ALM,G06,85,2436,7.45653955555558E+06,1.04165077209473E-02,1.07337549260570E+00,2.09439497755752E+00,2.09439497755752E+00,2.09439497755752E+00,2.49667542512431E-07,3.48160000000000E+05,1.19209289550781E-04,2.48110154643655E-09
ALM,G07,85,2436,7.45653955555558E+06,1.04165077209473E-02,1.07337549260570E+00,2.09439497755752E+00,2.09439497755752E+00,2.09439497755752E+00,2.49667542512431E-07,3.48160000000000E+05,1.19209289550781E-04,2.48110154643655E-09
ALM,G08,85,2436,7.45653955555558E+06,1.04165077209473E-02,1.07337549260570E+00,2.09439497755752E+00,2.09439497755752E+00,2.09439497755752E+00,2.49667542512431E-07,3.48160000000000E+05,1.19209289550781E-04,2.48110154643655E-09
ALM,G09,85,2436,7.45653955555558E+06,1.04165077209473E-02,1.07337549260570E+00,2.09439497755752E+00,2.09439497755752E+00,2.09439497755752E+00,2.49667542512431E-07,3.48160000000000E+05,1.19209289550781E-04,2.48110154643655E-09
ALM,G10,85,2436,7.45653955555558E+06,1.04165077209473E-02,1.07337549260570E+00,2.09439497755752E+00,2.09439497755752E+00,2.09439497755752E+00,2.49667542512431E-07,3.48160000000000E+05,1.19209289550781E-04,2.48110154643655E-09
ALM,G11,85,2436,7.45653955555558E+06,1.04165077209473E-02,1.07337549260570E+00,2.09439497755752E+00,2.09439497755752E+00,2.09439497755752E+00,2.49667542512431E-07,3.48160000000000E+05,1.19209289550781E-04,2.48110154643655E-09
ALM,G12,85,2436,7.45653955555558E+06,1.04165077209473E-02,1.07337549260570E+00,2.09439497755752E+00,2.09439497755752E+00,2.09439497755752E+00,2.49667542512431E-07,3.48160000000000E+05,1.19209289550781E-04,2.48110154643655E-09
ALM,G13,85,2436,7.45653955555558E+06,1.04165077209473E-02,1.07337549260570E+00,2.09439497755752E+00,2.09439497755752E+00,2.09439497755752E+00,2.49667542512431E-07,3.48160000000000E+05,1.19209289550781E-04,2.48110154643655E-09
ALM,G14,85,2436,7.45653955555558E+06,1.04165077209473E-02,1.07337549260570E+00,2.09439497755752E+00,2.09439497755752E+00,2.09439497755752E+00,2.49667542512431E-07,3.48160000000000E+05,1.19209289550781E-04,2.48110154643655E-09
ALM,G15,85,2436,7.45653955555558E+06,1.04165077209473E-02,1.07337549260570E+00,2.09439497755752E+00,2.09439497755752E+00,2.09439497755752E+00,2.49667542512431E-07,3.48160000000000E+05,1.19209289550781E-04,2.48110154643655E-09
ALM,G16,85,2436,7.45653955555558E+06,1.04165077209473E-02,1.07337549260570E+00,2.09439497755752E+00,2.09439497755752E+00,2.09439497755752E+00,2.49667542512431E-07,3.48160000000000E+05,1.19209289550781E-04,2.48110154643655E-09
ALM,G17,85,2436,7.45653955555558E+06,1.04165077209473E-02,1.07337549260570E+00,2.09439497755752E+00,2.09439497755752E+00,2.09439497755752E+00,2.49667542512431E-07,3.48160000000000E+05,1.19209289550781E-04,2.48110154643655E-09
ALM,G18,85,2436,7.45653955555558E+06,1.04165077209473E-02,1.07337549260570E+00,2.09439497755752E+00,2.09439497755752E+00,2.09439497755752E+00,2.49667542512431E-07,3.48160000000000E+05,1.19209289550781E-04,2.48110154643655E-09
ALM,G19,85,2436,7.45653955555558E+06,1.04165077209473E-02,1.07337549260570E+00,2.09439497755752E+00,2.09439497755752E+00,2.09439497755752E+00,2.49667542512431E-07,3.48160000000000E+05,1.19209289550781E-04,2.48110154643655E-09
ALM,G20,85,2436,7.45653955555558E+06,1.04165077209473E-02,1.07337549260570E+00,2.09439497755752E+00,2.09439497755752E+00,2.09439497755752E+00,2.49667542512431E-07,3.48160000000000E+05,1.19209289550781E-04,2.48110154643655E-09
ALM,G21,85,2436,7.45653955555558E+06,1.04165077209473E-02,1.07337549260570E+00,2.09439497755752E+00,2.09439497755752E+00,2.09439497755752E+00,2.49667542512431E-07,3.48160000000000E+05,1.19209289550781E-04,2.48110154643655E-09
ALM,G22,85,2436,7.45653955555558E+06,1.04165077209473E-02,1.07337549260570E+00,2.09439497755752E+00,2.09439497755752E+00,2.09439497755752E+00,2.49667542512431E-07,3.48160000000000E+05,1.19209289550781E-04,2.48110154643655E-09
ALM,G23,85,2436,7.45653955555558E+06,1.04165077209473E-02,1.07337549260570E+00,2.09439497755752E+00,2.09439497755752E+00,2.09439497755752E+00,2.49667542512431E-07,3.48160000000000E+05,1.19209289550781E-04,2.48110154643655E-09
ALM,G24,63,2436,7.45653955555558E+06,1.04165077209473E-02,1.07337549260570E+00,2.09439497755752E+00,2.09439497755752E+00,2.09439497755752E+00,2.49667542512431E-07,3.48160000000000E+05,1.19209289550781E-04,2.48110154643655E-09
ALM,G25,85,2436,7.45653955555558E+06,1.04165077209473E-02,1.07337549260570E+00,2.09439497755752E+00,2.09439497755752E+00,2.09439497755752E+00,2.49667542512431E-07,3.48160000000000E+05,1.19209289550781E-04,2.48110154643655E-09
ALM,G26,85,2436,7.45653955555558E+06,1.04165077209473E-02,1.07337549260570E+00,2.09439497755752E+00,2.09439497755752E+00,2.09439497755752E+00,2.49667542512431E-07,3.48160000000000E+05,1.19209289550781E-04,2.48110154643655E-09
ALM,G27,85,2436,7.45653955555558E+06,1.04165077209473E-02,1.07337549260570E+00,2.09439497755752E+00,2.09439497755752E+00,2.09439497755752E+00,2.49667542512431E-07,3.48160000000000E+05,1.19209289550781E-04,2.48110154643655E-09
ALM,G28,85,2436,7.45653955555558E+06,1.04165077209473E-02,1.07337549260570E+00,2.09439497755752E+00,2.09439497755752E+00,2.09439497755752E+00,2.49667542512431E-07,3.48160000000000E+05,1.19209289550781E-04,2.48110154643655E-09
ALM,G29,85,2436,7.45653955555558E+06,1.04165077209473E-02,1.07337549260570E+00,2.09439497755752E+00,2.09439497755752E+00,2.09439497755752E+00,2.49667542512431E-07,3.48160000000000E+05,1.19209289550781E-04,2.48110154643655E-09
ALM,G30,85,2436,7.45653955555558E+06,1.04165077209473E-02,1.07337549260570E+00,2.09439497755752E+00,2.09439497755752E+00,2.09439497755752E+00,2.49667542512431E-07,3.48160000000000E+05,1.19209289550781E-04,2.48110154643655E-09
ALM,G31,85,2436,7.45653955555558E+06,1.04165077209473E-02,1.07337549260570E+00,2.09439497755752E+00,2.09439497755752E+00,2.09439497755752E+00,2.49667542512431E-07,3.48160000000000E+05,1.19209289550781E-04,2.48110154643655E-09
ALM,G32,85,2436,7.45653955555558E+06,1.04165077209473E-02,1.07337549260570E+00,2.09439497755752E+00,2.09439497755752E+00,2.09439497755752E+00,2.49667542512431E-07,3.48160000000000E+05,1.19209289550781E-04,2.48110154643655E-09
ALM,C01,0,2436,4.21677236883698E+07,6.52790069580078E-04,9.47487202087379E-01,1.57447286229164E+00,-2.86960317922216E+00,1.58338200998769E-01,-1.13147570193320E-09,5.52960000000000E+05,-3.55720520019531E-04,3.63797880709171E-11
ALM,C02,0,2436,4.21645847178385E+07,6.80446624755859E-04,9.76908474230030E-01,-3.09360931509686E+00,-1.07002387940670E+00,1.96996014881600E+00,-2.40009997379769E-09,5.52960000000000E+05,5.79833984375000E-04,-3.27418092638254E-11
ALM,C03,0,2436,4.21674192982330E+07,9.43660736083984E-04,9.72288555529015E-01,2.88032269389297E+00,3.90143445737657E-01,1.28194804404165E+00,-1.97722521650952E-09,5.52960000000000E+05,-1.69754028320312E-04,4.72937244921922E-11
ALM,C04,0,2436,4.21669246666040E+07,4.50611114501953E-04,9.57368195521846E-01,2.54706424420373E+00,2.14305729729275E+00,7.24868839456719E-01,-3.42871424828241E-10,5.52960000000000E+05,-3.02314758300781E-04,6.54836185276508E-11
ALM,C05,0,2436,4.21644388695230E+07,7.96794891357422E-04,9.69705955061910E-01,2.89619692330120E+00,-4.16119253220017E-01,1.16721332183994E+00,-6.05739517196559E-10,5.52960000000000E+05,-8.29696655273438E-05,1.81898940354586E-11
ALM,C06,0,2436,4.21678251519928E+07,1.13029479980469E-02,9.44736822471600E-01,-1.43002550147927E+00,-2.17574052565183E+00,2.00849130442187E+00,-1.90865093154387E-09,5.52960000000000E+05,5.21659851074219E-04,4.72937244921922E-11
ALM,C07,0,2436,4.21696832261755E+07,8.51440429687500E-03,8.88063422894168E-01,5.66116059177630E-01,-2.53468791043975E+00,3.55630750545371E-01,-3.14298806092554E-09,5.52960000000000E+05,5.72204589843750E-05,-4.00177668780088E-11
ALM,C08,0,2436,4.21701905572989E+07,5.19514083862305E-03,1.04382239398909E+00,2.72971619049330E+00,-2.73613711349337E+00,-1.62179631940073E+00,-1.89722188404960E-09,5.52960000000000E+05,-8.95500183105469E-04,-3.63797880709171E-12
ALM,C09,0,2436,4.21668041798518E+07,8.27932357788086E-03,9.49746228482039E-01,-1.38734555701398E+00,-2.33185902349391E+00,1.72010291629937E+00,-1.98865426400380E-09,5.52960000000000E+05,4.36782836914062E-04,-2.91038304567337E-11
ALM,C10,0,2436,4.21586875740168E+07,7.47776031494141E-03,8.89861056629972E-01,5.59471180974638E-01,-2.54600551283475E+00,-3.59616628847487E-02,-3.12012996593699E-09,5.52960000000000E+05,-2.86102294921875E-05,3.63797880709171E-12
ALM,C11,0,2436,2.79059618088379E+07,1.80149078369141E-03,9.90318821899124E-01,1.81588720836246E+00,-2.03485734822771E+00,-1.47099469783931E+00,-6.58313135670223E-09,5.52960000000000E+05,4.09126281738281E-04,2.18278728425503E-11
ALM,C12,0,2436,2.79060340320597E+07,8.88347625732422E-04,9.88958612372366E-01,1.80450706329374E+00,-2.04683595552764E+00,-6.84060306611810E-01,-6.64027659417360E-09,5.52960000000000E+05,8.39233398437500E-04,-1.45519152283668E-11
ALM,C13,0,2436,4.21658466333618E+07,3.75509262084961E-03,1.00513731599460E+00,2.70764836385117E+00,-2.60149097611844E+00,-2.08213960956368E+00,-1.95436712152097E-09,5.52960000000000E+05,3.05175781250000E-04,1.45519152283668E-11
ALM,C14,0,2436,2.79059772852347E+07,1.46245956420898E-03,9.63552055573010E-01,-2.40166451201841E+00,-5.77026946939901E-01,1.29257280843431E+00,-7.04029325647322E-09,5.52960000000000E+05,8.86917114257812E-04,-3.63797880709171E-11
ALM,C16,0,2436,4.21655168847694E+07,3.80992889404297E-03,9.60088614575362E-01,-1.44117495021856E+00,-2.40261650888433E+00,2.16524047209959E+00,-1.89722188404960E-09,5.52960000000000E+05,-9.08851623535156E-04,-2.54658516496420E-11
ALM,C19,0,2436,2.79060804613230E+07,9.67025756835938E-04,9.66236521951810E-01,-2.40250415677584E+00,-1.06842473439589E+00,-1.77565803789032E+00,-6.98314801900184E-09,5.52960000000000E+05,8.78334045410156E-04,1.45519152283668E-11
ALM,C20,0,2436,2.79061268906250E+07,8.87393951416016E-04,9.66236521951810E-01,-2.40188172609482E+00,-6.62904030076544E-01,-1.42233237810408E+00,-6.98314801900184E-09,5.52960000000000E+05,-8.71658325195312E-04,1.45519152283668E-11
ALM,C21,0,2436,2.79060701437056E+07,8.15391540527344E-04,9.65517468457488E-01,-2.40021367179080E+00,-8.28271727996362E-01,2.69504470432102E+00,-7.05172230396749E-09,5.52960000000000E+05,-9.35554504394531E-04,0.00000000000000E+00
ALM,C22,0,2436,2.79060598260901E+07,6.96182250976562E-04,9.65523460569941E-01,-2.40029831037920E+00,-2.50079689691443E-01,2.89789269112531E+00,-7.00600611399039E-09,5.52960000000000E+05,-9.49859619140625E-04,0.00000000000000E+00
ALM,C23,0,2436,2.79060701437056E+07,2.85625457763672E-04,9.49698291582417E-01,-2.96294605996781E-01,-1.78811077108807E+00,-7.81464341572265E-01,-7.02886420897894E-09,5.52960000000000E+05,-9.40322875976562E-04,-1.45519152283668E-11
ALM,C24,0,2436,2.79060701437056E+07,3.86714935302734E-04,9.49692299469965E-01,-2.96476241905503E-01,1.52533716567265E-01,-1.12794064231806E+00,-7.09743849394459E-09,5.52960000000000E+05,-9.00268554687500E-04,-1.81898940354586E-11
ALM,C25,0,2436,2.79061268906250E+07,3.65734100341797E-04,9.50956635197480E-01,-3.21766327019060E-01,1.71394265019098E-01,-1.97258581759136E+00,-7.06315135146177E-09,5.52960000000000E+05,-8.98361206054688E-04,7.27595761418342E-12
ALM,C26,0,2436,2.79061320494387E+07,6.54220581054688E-04,9.51010564209554E-01,-3.21199697885254E-01,2.25477199481831E-01,-4.63934812564277E-01,-7.06315135146177E-09,5.52960000000000E+05,8.90731811523438E-04,-3.63797880709171E-12
ALM,C27,0,2436,2.79060753025141E+07,7.58171081542969E-04,9.66350372088410E-01,1.80738814586239E+00,1.13897474289264E+00,-3.30178503888564E-01,-6.80028325909345E-09,5.52960000000000E+05,5.51223754882812E-04,7.27595761418342E-12
ALM,C28,0,2436,2.79061372082529E+07,1.40666961669922E-04,9.66248506176715E-01,1.80721212755909E+00,2.59135606691879E+00,-9.94082842237677E-01,-6.73170897412780E-09,5.52960000000000E+05,-6.00814819335938E-05,3.63797880709171E-12
ALM,C29,0,2436,2.79061010965636E+07,3.55243682861328E-04,9.65145957485422E-01,1.76882777870832E+00,1.46155150312092E+00,-2.22011324188499E+00,-6.77742516410490E-09,5.52960000000000E+05,4.08172607421875E-04,3.63797880709171E-12
ALM,C30,0,2436,2.79060959377527E+07,5.04016876220703E-04,9.65092028473348E-01,1.76936294925175E+00,6.07915912126429E-01,-5.60512310513291E-01,-6.84599944907055E-09,5.52960000000000E+05,4.71115112304688E-04,0.00000000000000E+00
