G01,118,630,0,0,1783951200,1783951200,1783950006,2.65596310245901E+07,1.80683098733425E-03,9.57124605910218E-01,7.55055388916243E-01,1.91771154392618E-01,-2.47792625447752E+00,4.68269505304487E-09,-8.26855870437355E-09,3.04298389535064E-10,3.20281250000000E+02,1.46281250000000E+02,7.55116343498230E-06,3.06591391563416E-06,5.58793544769287E-09,-3.72529029846191E-08,1.36800000000000E+05,4.00000000000000E+00,2.23486684262753E-04,-9.66338120633736E-12,0.00000000000000E+00,-8.84756445884705E-09,1,0
G02,31,31,0,0,1783951200,1783951200,1783948236,2.65609429937214E+07,1.68980917660519E-02,9.62172659290475E-01,5.93122951803112E-01,-7.40344785029115E-01,-1.06784468737746E+00,4.58947688441969E-09,-8.30820321286932E-09,4.59662003910361E-10,2.90687500000000E+02,1.47531250000000E+02,7.59400427341461E-06,5.02355396747589E-06,-1.67638063430786E-07,-1.43423676490784E-07,1.36800000000000E+05,4.00000000000000E+00,1.37112103402615E-04,7.27595761418342E-12,0.00000000000000E+00,-1.72294676303864E-08,1,0
G04,147,403,0,0,1783951200,1783951200,1783946406,2.65605293702018E+07,3.79606417845935E-03,9.72534135001814E-01,2.81578987080187E+00,-2.89999254179253E+00,-1.58859199523306E+00,3.76265672975575E-09,-7.54352850395550E-09,3.92873507615693E-11,1.71812500000000E+02,-1.45562500000000E+02,-7.60331749916077E-06,1.10380351543427E-05,-6.89178705215454E-08,-9.68575477600098E-08,1.36800000000000E+05,4.00000000000000E+00,6.22584484517574E-05,7.95807864051312E-13,0.00000000000000E+00,-4.65661287307739E-09,1,0
G07,18,18,0,0,1783951200,1783951200,1783950516,2.65594051577880E+07,2.09232526831329E-02,9.51182421388667E-01,-2.46039496459465E+00,-1.95632739810008E+00,2.21505457649699E+00,4.66269421992988E-09,-7.62960351789676E-09,7.08600944645032E-10,1.96750000000000E+02,-2.46875000000000E+00,-3.93018126487732E-07,9.01520252227783E-06,1.21071934700012E-07,-3.46451997756958E-07,1.36800000000000E+05,4.00000000000000E+00,-2.05410178750753E-04,-3.75166564481333E-12,0.00000000000000E+00,-1.07102096080780E-08,1,0
G09,77,77,0,0,1783951200,1783951200,1783950516,2.65607772608251E+07,3.63814004231244E-03,9.66791000965800E-01,2.75068212822020E+00,2.03217871011454E+00,-7.11827129588585E-01,3.97587989707081E-09,-7.77853829305653E-09,2.14294640517651E-12,1.76531250000000E+02,-1.51843750000000E+02,-7.91810452938080E-06,1.05667859315872E-05,-6.89178705215454E-08,4.84287738800049E-08,1.36800000000000E+05,4.00000000000000E+00,7.21643213182688E-04,-6.70752342557534E-12,0.00000000000000E+00,4.65661287307739E-10,1,0
E09,91,91,107,0,1783945200,1783945200,1783947175,2.96005270752355E+07,5.17071224749088E-04,9.75191354531387E-01,2.97970269230310E+00,3.31941852676262E-01,5.08645954414231E-01,2.33402579297141E-09,-5.01878048092338E-09,2.53581991279220E-10,4.75000000000000E+01,-1.82406250000000E+02,-8.42660665512085E-06,1.38860195875168E-05,-1.45286321640015E-07,2.42143869400024E-08,1.30800000000000E+05,0.00000000000000E+00,-3.10992065351456E-04,1.23776544569409E-11,3.46944695195362E-18,2.32830643653870E-10,512,0
E10,94,94,107,0,1783947000,1783947000,1783948225,2.96001219510904E+07,2.76998383924365E-04,9.97409026409458E-01,8.92048433100696E-01,2.30284096522102E+00,1.23078089987901E+00,2.80261674023668E-09,-5.69095133668041E-09,3.10727228750594E-10,3.69062500000000E+02,1.86468750000000E+02,8.66129994392395E-06,-5.32716512680054E-07,4.65661287307739E-08,-3.16649675369263E-08,1.32600000000000E+05,0.00000000000000E+00,-8.05626390501857E-04,-2.65742983174277E-12,0.00000000000000E+00,-1.62981450557709E-09,512,0
E11,94,94,107,0,1783947000,1783947000,1783948255,2.96001876382955E+07,4.18706797063351E-04,9.94491752710442E-01,8.93523212519750E-01,1.31477356020188E+00,1.79035084976777E+00,2.85333313849252E-09,-5.70416617284567E-09,3.44300055765026E-10,3.68156250000000E+02,1.88812500000000E+02,8.78795981407166E-06,-4.63798642158508E-07,5.02914190292358E-08,-2.98023223876953E-08,1.32600000000000E+05,0.00000000000000E+00,5.47057139920071E-03,7.17363946023397E-11,-3.46944695195362E-18,-1.51339918375015E-08,512,0
E36,97,97,107,0,1783948800,1783948800,1783949995,2.96001919551823E+07,9.85875958576798E-05,9.97595661109257E-01,8.93991852474771E-01,4.82179728515403E-01,2.09041035736496E+00,2.79225916594499E-09,-5.72881005650520E-09,4.12517182996478E-10,3.79500000000000E+02,2.04250000000000E+02,9.60752367973328E-06,-8.81031155586243E-07,2.79396772384644E-08,-8.19563865661621E-08,1.34400000000000E+05,0.00000000000000E+00,-5.93277451116592E-04,-5.37170308234636E-12,0.00000000000000E+00,3.72529029846191E-09,512,0
R09,67,-2,0,5,0,1783950318,1783950556,1.65090112304688E+07,1.94129218750000E+07,-1.90989257812500E+06,2.48681068420410E+02,1.40823364257812E+02,3.52139091491699E+03,-1.86264514923096E-06,-2.79396772384644E-06,0.00000000000000E+00,-3.37947160005569E-04,2.72848410531878E-12,-3.72529029846191E-09
R20,63,2,0,5,0,1783946718,1783947188,2.23163369140625E+07,8.73506787109375E+06,-8.76797021484375E+06,-1.14801979064941E+03,-3.90394210815430E+02,-3.30121707916260E+03,9.31322574615479E-07,-2.79396772384644E-06,2.79396772384644E-06,-2.35184095799923E-04,9.09494701772928E-13,1.86264514923096E-09
R21,67,4,0,3,0,1783950318,1783949667,2.46066899414062E+07,9.22664550781250E+05,-6.58266943359375E+06,-9.15731430053711E+02,-1.14568710327148E+02,-3.44425201416016E+03,9.31322574615479E-07,-2.79396772384644E-06,3.72529029846191E-06,3.25495377182961E-04,-3.63797880709171E-12,9.31322574615479E-10
R22,65,-3,0,6,0,1783948518,1783948751,1.55418793945312E+07,-8.04732324218750E+06,1.85803012695312E+07,2.53876876831055E+03,6.19592666625977E+01,-2.09926033020020E+03,6.51925802230835E-06,-2.79396772384644E-06,1.86264514923096E-06,-1.35429203510284E-04,1.81898940354586E-12,3.72529029846191E-09
IONUTC,7.45058059692383E-09,2.23517417907715E-08,-5.96046447753906E-08,-1.19209289550781E-07,9.01120000000000E+04,1.14688000000000E+05,-6.55360000000000E+04,-5.24288000000000E+05,0.00000000000000E+00,0.00000000000000E+00,0.00000000000000E+00,0.00000000000000E+00,0
ALM,G01,0,2427,2.65591561136713E+07,1.81150436401367E-03,9.57140495248644E-01,7.54276629346351E-01,1.92142328893525E-01,-9.43712021439379E-01,-7.93175896102664E-09,2.33472000000000E+05,3.52859497070312E-05,-1.09139364212751E-11
ALM,G02,0,2427,2.65605200121520E+07,-1.43508911132812E-02,9.62173869708894E-01,5.91674665830473E-01,-7.38541342045617E-01,4.43163903761124E-01,-7.69174896364687E-09,3.19488000000000E+05,2.47955322265625E-05,7.27595761418342E-12
ALM,G03,0,2427,2.65608421187499E+07,6.97660446166992E-03,9.94633142865052E-01,1.74588959773244E+00,1.27317896197419E+00,-3.05608445987602E+00,-8.01176229348657E-09,3.19488000000000E+05,9.91821289062500E-05,-1.81898940354586E-11
ALM,G04,0,2427,2.65599865273955E+07,3.79991531372070E-03,9.72492287352406E-01,2.81434017311328E+00,-2.89946974022145E+00,-7.55474302822830E-02,-7.85175562856672E-09,3.19488000000000E+05,1.52587890625000E-05,0.00000000000000E+00
ALM,G05,0,2427,2.65608421187499E+07,5.61237335205078E-03,9.81043031822378E-01,1.68434236368881E+00,1.47755606097500E+00,4.67187780612025E-01,-8.13748181592359E-09,3.19488000000000E+05,-2.19345092773438E-05,0.00000000000000E+00
ALM,G06,0,2427,2.65604394858077E+07,3.69453430175781E-03,9.85926603471310E-01,7.07890188822055E-01,-5.45945110633802E-01,-1.75804534685675E+00,-7.55460039371558E-09,3.19488000000000E+05,-1.90734863281250E-05,7.27595761418342E-12
ALM,G07,0,2427,2.65589548032084E+07,-1.03259086608887E-02,9.51244256595208E-01,-2.46115607698374E+00,-1.95618652932947E+00,-2.53354229344021E+00,-7.72603610612970E-09,2.33472000000000E+05,-2.57492065429688E-05,-3.63797880709171E-12
ALM,G08,0,2427,2.65605200121520E+07,1.16677284240723E-02,9.41962474406010E-01,-4.16549936302554E-01,5.45700557544327E-01,1.98211964301060E-01,-7.88604277104954E-09,2.33472000000000E+05,7.24792480468750E-05,-7.27595761418342E-12
ALM,G09,0,2427,2.65601878417685E+07,3.64398956298828E-03,9.66739859397834E-01,2.74921190286512E+00,2.03285036506309E+00,8.00761939726115E-01,-7.95461705601519E-09,3.19488000000000E+05,1.12533569335938E-04,-7.27595761418342E-12
ALM,G10,0,2427,2.65596342290785E+07,1.11083984375000E-02,9.94141789643932E-01,1.74408484836310E+00,-2.26378974955256E+00,2.28721291713008E+00,-8.04604943596939E-09,2.33472000000000E+05,-2.57492065429688E-05,3.63797880709171E-12
ALM,G11,0,2427,2.65596241634467E+07,2.47335433959961E-03,9.62815025741330E-01,7.23702624570616E-01,-2.35605742061999E+00,-5.27424240056630E-01,-7.78318134360107E-09,3.19488000000000E+05,-2.67028808593750E-05,1.09139364212751E-11
ALM,G12,0,2427,2.65599865273955E+07,8.70466232299805E-03,9.58207091265221E-01,-1.34293389204987E+00,1.58736451772655E+00,2.94359752885811E+00,-8.05747848346366E-09,3.19488000000000E+05,-3.81469726562500E-05,0.00000000000000E+00
ALM,G13,255,2427,2.65588390500376E+07,2.26879119873047E-03,9.58710428711246E-01,-1.45147127194740E+00,1.82505102083774E+00,2.79790043809233E+00,-8.03462038847511E-09,3.19488000000000E+05,8.20159912109375E-05,1.81898940354586E-11
ALM,G14,0,2427,2.65594530479968E+07,7.35330581665039E-03,9.41537034421870E-01,-1.39974735725588E+00,-2.68202122241215E+00,2.82858230089221E+00,-8.21748514838351E-09,3.19488000000000E+05,1.08718872070312E-04,0.00000000000000E+00
ALM,G15,0,2427,2.65606559006348E+07,-1.42292976379395E-02,9.44742814584052E-01,2.60196809807248E+00,1.53428638562073E+00,-8.39178121674293E-01,-8.24034324337206E-09,3.19488000000000E+05,6.10351562500000E-05,3.63797880709171E-12
ALM,G16,0,2427,2.65600418887720E+07,1.50222778320312E-02,9.57284305947508E-01,-1.32617020844945E+00,9.37319935480484E-01,1.25167664094478E+00,-8.06890753095794E-09,3.19488000000000E+05,4.48226928710938E-05,7.27595761418342E-12
ALM,G17,0,2427,2.65597852137854E+07,1.25927925109863E-02,9.57589903682595E-01,-3.10565945323920E-01,-1.10020427729569E+00,1.86376044178907E-01,-7.81746848608390E-09,3.19488000000000E+05,-6.67572021484375E-06,-7.27595761418342E-12
ALM,G18,0,2427,2.65593926544402E+07,6.27136230468750E-03,9.70898385439993E-01,7.00945704996429E-01,-2.86160258557675E+00,-1.78183478230794E+00,-7.68031991615260E-09,3.19488000000000E+05,-2.28881835937500E-05,1.09139364212751E-11
ALM,G19,0,2427,2.65606860981226E+07,1.17707252502441E-02,9.56768984276578E-01,-2.66807795124180E-01,3.02491461441827E+00,1.82573112560112E+00,-7.72603610612970E-09,3.19488000000000E+05,1.02996826171875E-04,0.00000000000000E+00
ALM,G20,0,2427,2.65592769003153E+07,1.91211700439453E-03,9.62125932809272E-01,2.75413180169580E+00,-1.76052832845433E+00,2.79283223447845E+00,-7.98890419849802E-09,3.19488000000000E+05,4.38690185546875E-05,1.09139364212751E-11
ALM,G21,0,2427,2.65589195739558E+07,7.94887542724609E-04,9.64061385131487E-01,1.74811192243833E+00,-8.43756844602195E-02,2.50852410042919E+00,-8.33177562332626E-09,3.19488000000000E+05,6.48498535156250E-05,-3.63797880709171E-12
ALM,G22,0,2427,2.65601425459681E+07,1.18579864501953E-02,9.56745015826767E-01,-1.32278616294180E+00,-9.89577148180291E-01,8.01297110269545E-01,-8.05747848346366E-09,3.19488000000000E+05,4.95910644531250E-05,7.27595761418342E-12
ALM,G23,0,2427,2.65604143213501E+07,6.41536712646484E-03,9.89072462508967E-01,1.71062751397654E+00,-2.74225356227945E+00,-2.99901895143996E+00,-8.06890753095794E-09,3.19488000000000E+05,1.28746032714844E-04,3.63797880709171E-12
ALM,G24,0,2427,2.65594077528229E+07,-1.28579139709473E-02,9.35502977182022E-01,-2.57272733831747E+00,1.16013776055441E+00,-1.59133579025456E+00,-7.84032658107244E-09,3.19488000000000E+05,6.67572021484375E-05,1.81898940354586E-11
ALM,G25,0,2427,2.65595839009383E+07,1.28874778747559E-02,9.46606361556835E-01,-1.43831746159269E+00,1.16176499359234E+00,2.87557806435154E+00,-8.17176895840641E-09,3.19488000000000E+05,6.58035278320312E-05,-3.63797880709171E-12
ALM,G26,0,2427,2.65607716577647E+07,1.11842155456543E-02,9.27371680583738E-01,-1.51541647449319E+00,7.20457895677491E-01,1.99810510100623E+00,-8.34320467082053E-09,3.19488000000000E+05,-2.86102294921875E-06,-3.63797880709171E-12
ALM,G27,0,2427,2.65597701152954E+07,1.43246650695801E-02,9.51040524771817E-01,-3.84087292583141E-01,9.01300973020406E-01,3.22814572191250E-01,-7.89747181854382E-09,3.19488000000000E+05,7.62939453125000E-06,0.00000000000000E+00
ALM,G28,0,2427,2.65592970314493E+07,5.14984130859375E-04,9.62173869708894E-01,-2.48536720734879E+00,-3.31911722415501E-01,-1.85609802799021E+00,-7.63460372617550E-09,2.33472000000000E+05,-5.14984130859375E-05,1.09139364212751E-11
ALM,G29,0,2427,2.65600217573557E+07,3.67593765258789E-03,9.60340283298374E-01,-2.92800829929842E-01,2.86168385360189E+00,5.26186119821095E-02,-7.68031991615260E-09,2.33472000000000E+05,-3.52859497070312E-05,7.27595761418342E-12
ALM,G30,0,2427,2.65599563303053E+07,8.21781158447266E-03,9.36599533760863E-01,-2.47282346894316E+00,-2.25952598703546E+00,-2.85755641164308E+00,-7.88604277104954E-09,3.19488000000000E+05,8.96453857421875E-05,1.45519152283668E-11
ALM,G31,0,2427,2.65593926544402E+07,1.08942985534668E-02,9.54935397866058E-01,-2.43635360002102E+00,9.73483832160510E-01,2.65417175626724E+00,-7.69174896364687E-09,2.33472000000000E+05,-1.90734863281250E-06,3.63797880709171E-12
ALM,G32,0,2427,2.65588692464926E+07,9.44852828979492E-03,9.69717939286816E-01,2.76666318136949E+00,-1.97141960270526E+00,8.23723340137750E-01,-7.90890086603809E-09,3.19488000000000E+05,5.81741333007812E-05,2.18278728425503E-11
ALM,R01,0,-1.75476074218750E-04,1.60076887328320E+00,3.55961440251354E-02,4.20570373535156E-04,4.35267048562552E-01,2.21685312500000E+04,-2.65616601562500E+03,1.83105468750000E-04,1
ALM,R02,0,-1.14440917968750E-05,1.28794165452245E+00,4.27447341811806E-02,2.02083587646484E-03,-2.32541900063539E+00,2.70915000000000E+04,-2.65602929687500E+03,1.22070312500000E-04,-4
ALM,R03,0,-1.90734863281250E-05,8.82740030191209E-01,4.01261810393602E-02,1.95407867431641E-03,-2.23222966777134E+00,3.24710000000000E+04,-2.65615234375000E+03,1.83105468750000E-04,5
ALM,R04,0,-0.00000000000000E+00,5.37762132065614E-01,4.52883859173426E-02,9.32693481445312E-04,-1.87270292061064E+00,3.74095000000000E+04,-2.65595312500000E+03,1.83105468750000E-04,6
ALM,R05,0,-1.71661376953125E-04,-3.13468374793186E+00,4.55070980218653E-02,4.16755676269531E-04,-2.64256952853075E+00,1.65284375000000E+03,-2.65578125000000E+03,-6.10351562500000E-05,1
ALM,R06,0,1.90734863281250E-05,2.78030722142424E+00,3.68964324273666E-02,3.91006469726562E-04,-3.04686933993786E+00,6.43315625000000E+03,-2.65619531250000E+03,-6.10351562500000E-05,-4
ALM,R07,0,-1.22070312500000E-04,2.36447259354573E+00,4.02400311759611E-02,1.64985656738281E-03,-2.22139592845690E+00,1.21722500000000E+04,-2.65598828125000E+03,6.10351562500000E-05,5
ALM,R08,0,7.62939453125000E-06,1.99604456333657E+00,4.03628694812410E-02,2.18772888183594E-03,-1.92629637438740E+00,1.72294687500000E+04,-2.65576562500000E+03,1.83105468750000E-04,6
ALM,R09,0,-3.39508056640625E-04,-2.46257845467720E+00,1.02794689125696E-02,2.09331512451172E-03,-2.66203190977705E+00,2.02974687500000E+04,-2.65606445312500E+03,6.10351562500000E-04,-2
ALM,R10,0,5.18798828125000E-04,-2.78413318522528E+00,2.26681614084820E-02,1.77669525146484E-03,3.60485485153126E-02,2.50991250000000E+04,-2.65572851562500E+03,6.10351562500000E-04,-7
ALM,R11,0,3.81469726562500E-06,-3.14009162942040E+00,2.74288947521349E-02,6.98089599609375E-04,-2.21056218914246E+00,3.00989375000000E+04,-2.65568359375000E+03,6.71386718750000E-04,0
ALM,R12,0,-7.24792480468750E-05,2.76240578547186E+00,2.33991991277088E-02,1.10530853271484E-03,-1.41068708205934E+00,3.53508437500000E+04,-2.65612695312500E+03,6.10351562500000E-04,-1
ALM,R13,0,7.24792480468750E-05,2.41186720699018E+00,2.25213546533914E-02,2.47001647949219E-04,8.45031666526505E-01,3.99894062500000E+04,-2.65595117187500E+03,4.88281250000000E-04,-2
ALM,R14,0,-3.43322753906250E-05,-1.31573906419042E+00,1.83448522738746E-02,8.49723815917969E-04,-2.17432189302866E+00,4.93750000000000E+03,-2.65612109375000E+03,8.54492187500000E-04,-7
ALM,R15,0,-5.34057617187500E-05,-1.67004368534861E+00,2.21168870628356E-02,9.52720642089844E-04,-1.82179393321269E+00,9.96746875000000E+03,-2.65610546875000E+03,9.15527343750000E-04,0
ALM,R16,0,-5.34057617187500E-05,-2.04564427416362E+00,2.99096293075437E-02,1.02043151855469E-03,-2.50067630565133E+00,1.51493750000000E+04,-2.65604492187500E+03,6.71386718750000E-04,-1
ALM,R17,0,-3.12805175781250E-04,-2.25063743722597E-01,3.53115186836332E-02,1.11675262451172E-03,-2.97908656387316E+00,1.89629375000000E+04,-2.65584179687500E+03,-7.32421875000000E-04,4
ALM,R18,0,-2.70843505859375E-04,-5.42082445143995E-01,4.01231849831339E-02,9.18388366699219E-04,-5.11199097562891E-01,2.35344375000000E+04,-2.65592382812500E+03,-7.32421875000000E-04,-3
ALM,R19,0,-5.72204589843750E-05,-9.08437204444520E-01,2.22007766371731E-02,1.28841400146484E-03,2.95904893983141E+00,2.87013437500000E+04,-2.65576367187500E+03,-6.71386718750000E-04,3
ALM,R20,0,-2.36511230468750E-04,-1.27950476018908E+00,2.85434276683331E-02,9.58442687988281E-04,-7.18861746722910E-01,3.38920000000000E+04,-2.65555078125000E+03,-6.71386718750000E-04,2
ALM,R21,0,3.24249267578125E-04,-1.61408334715305E+00,3.89966678420304E-02,7.92503356933594E-04,3.02242152113093E+00,3.81729375000000E+04,-2.65643750000000E+03,-6.71386718750000E-04,4
ALM,R22,0,-1.33514404296875E-04,9.10834049425591E-01,2.26741535209347E-02,8.37326049804688E-04,-1.50301355073020E+00,3.73562500000000E+03,-2.65585546875000E+03,-8.54492187500000E-04,-3
ALM,R23,0,-0.00000000000000E+00,6.27823582229369E-01,4.22623691287400E-02,3.73840332031250E-04,1.90558763375094E+00,7.62040625000000E+03,-2.65559179687500E+03,-9.15527343750000E-04,3
ALM,R24,0,1.75476074218750E-04,1.47690591677388E-01,2.36808284129846E-02,7.59124755859375E-04,-2.43979644313212E+00,1.37060000000000E+04,-2.65591406250000E+03,-7.32421875000000E-04,2
ALM,E02,0,2427,2.96001700186236E+07,2.44140625000000E-04,9.60894087647056E-01,-1.20149045211143E+00,-7.74660297882251E-02,-2.54401126290910E+00,-5.48594279725186E-09,1.32600000000000E+05,5.34057617187500E-05,3.63797880709171E-12
ALM,E03,0,2427,2.96004675523931E+07,5.34057617187500E-04,9.69330981980427E-01,2.97640209749436E+00,6.06593527809530E-01,-1.11309480920952E+00,-5.12021327743507E-09,1.32600000000000E+05,-2.86102294921875E-05,-3.63797880709171E-12
ALM,E04,0,2427,2.96004037950309E+07,3.20434570312500E-04,9.69522729578913E-01,2.97659384509285E+00,-1.30100745572551E-01,1.97317866221715E+00,-5.12021327743507E-09,1.32600000000000E+05,-1.43051147460938E-04,2.91038304567337E-11
ALM,E05,0,2427,2.96004888048624E+07,3.05175781250000E-04,9.69522729578913E-01,2.97640209749436E+00,2.00376240417562E-01,7.61237965988251E-02,-5.12021327743507E-09,1.32600000000000E+05,4.76837158203125E-05,3.63797880709171E-12
ALM,E06,0,2427,2.96004250474773E+07,4.88281250000000E-04,9.62811563631913E-01,2.97621034989588E+00,1.32238731295667E+00,1.27608026792237E-01,-5.12021327743507E-09,1.32600000000000E+05,-2.97546386718750E-04,-3.63797880709171E-12
ALM,E07,0,2427,2.96004675523931E+07,4.42504882812500E-04,9.69522729578913E-01,2.97649797129361E+00,1.30196619371794E-01,-2.13319203315347E+00,-5.12021327743507E-09,1.33200000000000E+05,-7.62939453125000E-05,-3.63797880709171E-12
ALM,E08,0,2427,2.96005738148161E+07,4.88281250000000E-04,9.75083409934998E-01,2.97966180666862E+00,4.35171174763309E-01,-1.65708274611347E+00,-5.12021327743507E-09,1.33200000000000E+05,-1.81198120117188E-04,-7.27595761418342E-12
ALM,E09,0,2427,2.96004888048624E+07,5.18798828125000E-04,9.75275157533484E-01,2.97966180666862E+00,3.29518247997685E-01,8.08599622814220E-01,-5.12021327743507E-09,1.33200000000000E+05,-3.10897827148438E-04,1.09139364212751E-11
ALM,E10,0,2427,2.96001275139214E+07,2.74658203125000E-04,9.97326131359340E-01,8.92009828155502E-01,2.30490200759742E+00,1.37751474752131E+00,-5.85167231706865E-09,1.33800000000000E+05,-8.04901123046875E-04,-3.63797880709171E-12
ALM,E11,0,2427,2.96001912709861E+07,4.11987304687500E-04,9.94449917382055E-01,8.93543808943388E-01,1.31433391382027E+00,1.93952695868291E+00,-5.85167231706865E-09,1.33800000000000E+05,5.47027587890625E-03,7.27595761418342E-11
ALM,E12,0,2427,2.96002337757340E+07,3.20434570312500E-04,9.94449917382055E-01,8.93543808943388E-01,8.24514673488534E-01,-3.05712783645685E+00,-5.85167231706865E-09,1.33800000000000E+05,-5.72204589843750E-05,-3.63797880709171E-12
ALM,E13,0,2427,2.96001912709861E+07,6.10351562500000E-05,9.97517878957826E-01,8.94023177939602E-01,1.25115308011923E-01,-1.43043708470336E-01,-5.85167231706865E-09,1.32600000000000E+05,-5.91278076171875E-05,0.00000000000000E+00
ALM,E15,0,2427,2.96001912709861E+07,9.15527343750000E-05,9.97517878957826E-01,8.93927304140359E-01,-6.40149357544528E-01,1.42516402574501E+00,-5.85167231706865E-09,1.32600000000000E+05,-2.72750854492188E-04,-3.63797880709171E-12
ALM,E16,0,2427,2.96001487662687E+07,5.03540039062500E-04,9.62619816033427E-01,-1.20820161805843E+00,-2.51131829736729E+00,1.66360216446198E+00,-5.48594279725186E-09,1.34400000000000E+05,-4.38690185546875E-05,-3.63797880709171E-12
ALM,E19,0,2427,2.96005950673235E+07,2.74658203125000E-04,9.74891662336513E-01,2.98464724422925E+00,-2.96729408656629E-01,-3.09653196794566E+00,-5.12021327743507E-09,1.34400000000000E+05,3.09181213378906E-03,2.54658516496420E-11
ALM,E21,0,2427,2.96000637569254E+07,1.67846679687500E-04,9.60510592450085E-01,-1.20484603508493E+00,-1.71920896802284E+00,-3.02568123030519E+00,-5.48594279725186E-09,1.34400000000000E+05,-7.57217407226562E-04,-3.63797880709171E-12
ALM,E23,0,2427,2.96001487662687E+07,1.98364257812500E-04,9.62428068434942E-01,-1.20800987045995E+00,-2.82492149469066E+00,-2.71188628538333E+00,-5.48594279725186E-09,1.34400000000000E+05,-4.19616699218750E-05,0.00000000000000E+00
ALM,E25,0,2427,2.96000850092498E+07,2.89916992187500E-04,9.60510592450085E-01,-1.20484603508493E+00,-1.38499290386225E+00,-1.95486676656177E-01,-5.48594279725186E-09,1.34400000000000E+05,2.09808349609375E-05,0.00000000000000E+00
ALM,E26,0,2427,2.96001275139214E+07,9.15527343750000E-05,9.90806713010826E-01,8.90571721166860E-01,-2.49147242092402E+00,1.91651724686463E+00,-5.85167231706865E-09,1.34400000000000E+05,3.60488891601562E-04,1.09139364212751E-11
ALM,E27,0,2427,2.96000425046087E+07,2.28881835937500E-04,9.60510592450085E-01,-1.20484603508493E+00,-9.66407896367956E-01,-2.97908656387316E+00,-5.48594279725186E-09,1.34400000000000E+05,-1.04331970214844E-03,-1.09139364212751E-11
ALM,E28,0,2427,2.96004675523931E+07,2.59399414062500E-04,9.49197484139428E-01,2.99433049795278E+00,1.90069806998956E+00,5.31140847805404E-01,-5.48594279725186E-09,1.34400000000000E+05,-5.91278076171875E-05,-3.63797880709171E-12
ALM,E29,0,2427,2.96004250474773E+07,1.83105468750000E-04,9.62811563631913E-01,2.97630622369512E+00,1.27061546136553E+00,2.36693235570755E+00,-5.12021327743507E-09,1.34400000000000E+05,-2.25067138671875E-04,-3.63797880709171E-12
ALM,E30,0,2427,2.96001487662687E+07,1.98364257812500E-04,9.58401368866742E-01,-1.20312030669856E+00,6.11962460567129E-01,2.47747484623456E+00,-5.48594279725186E-09,1.34400000000000E+05,-1.25122070312500E-03,-4.00177668780088E-11
ALM,E31,0,2427,2.96001275139214E+07,3.35693359375000E-04,9.60510592450085E-01,-1.20494190888417E+00,-1.46926597339672E+00,1.22622589231609E+00,-5.48594279725186E-09,1.32600000000000E+05,-1.56402587890625E-04,-3.63797880709171E-12
ALM,E32,390,2427,2.96004675523931E+07,1.83105468750000E-04,9.49197484139428E-01,2.99433049795278E+00,4.65371421524807E-01,-1.39649775977139E+00,-5.12021327743507E-09,1.32600000000000E+05,5.72204589843750E-06,-3.63797880709171E-12
ALM,E33,0,2427,2.96002762805125E+07,1.52587890625000E-04,9.97517878957826E-01,8.94023177939602E-01,-2.97515573810421E+00,1.40694800388886E+00,-5.85167231706865E-09,1.32600000000000E+05,-2.47955322265625E-05,-3.63797880709171E-12
ALM,E34,0,2427,2.96001487662687E+07,2.74658203125000E-04,9.97326131359340E-01,8.92105701954745E-01,2.57727947124637E+00,-1.00945523222800E+00,-5.85167231706865E-09,1.32600000000000E+05,-2.67028808593750E-04,-3.63797880709171E-12
ALM,E36,0,2427,2.96002125233562E+07,9.15527343750000E-05,9.97517878957826E-01,8.94023177939602E-01,4.84929676570349E-01,1.86445777387576E+00,-5.85167231706865E-09,1.32600000000000E+05,-5.93185424804688E-04,-3.63797880709171E-12
